code,sub_c,sn,n,dep,program,Regulation,Semester,istheory,ispractical,L,T,P,IM,EM,Cr
14211001,BS,M1,Mathematics-1,6,UG,R-14,I YEAR,1,0,3,1,0,30,70,5
14211002,BS,M2,Mathematics-2,6,UG,R-14,I YEAR,1,0,3,1,0,30,70,5
14221003,BS,PHY,Engineering Physics,6,UG,R-14,I YEAR,1,0,2,0,0,30,70,3
14231004,BS,CHE,Engineering Chemistry,6,UG,R-14,I YEAR,1,0,2,0,0,30,70,3
14241005,HS,ENG,English,6,UG,R-14,I YEAR,1,0,2,0,0,30,70,3
14031006,ED,ED,Engineering Drawing,3,UG,R-14,I YEAR,1,0,1,0,3,30,70,5
14051007,ED,C,Problem Solving & Programming in C,5,UG,R-14,I YEAR,1,0,3,0,0,30,70,5
14991008,ED,EW,Engineering Workshop,3,UG,R-14,I YEAR,0,1,0,0,3,50,50,4
14051009,ED,C LAB,Programming in C Lab,5,UG,R-14,I YEAR,0,0,0,0,3,50,50,4
14991010,BS,ES LAB,Engineering Sciences Lab,6,UG,R-14,I YEAR,0,1,0,0,3,50,50,4
14241011,HS,ELCS LAB,English Language and Communication Skills Lab,6,UG,R-14,I YEAR,0,1,0,0,3,50,50,4
14042101,PN,ED&S,Electronic Devices & Circuits,4,UG,R-15,III SEM,1,0,3,1,0,30,70,3
14052102,PJ,DS,Data Structures,5,UG,R-14,III SEM,1,0,3,1,0,30,70,3
14052103,PJ,DLD,Digital Logic Design,5,UG,R-14,III SEM,1,0,3,1,0,30,70,3
14052104,PJ,MFCS,Mathematical Foundations of Computer Science,6,UG,R-14,III SEM,1,0,3,1,0,30,70,3
14122105,PN,EE,Electrical Engineering,2,UG,R-14,III SEM,1,0,3,1,0,30,70,3
14052106,PJ,OOPS,Object Oriented Programming through C++,5,UG,R-14,III SEM,1,0,3,1,0,30,70,3
14052107,PJ,OOPS&DS LAB,Object Oriented Programming & Data Structures Lab,5,UG,R-14,III SEM,0,1,0,0,3,50,50,2
14992108,PN,EEE LAB,Electrical & Electronics Engineering Lab,2,UG,R-14,III SEM,0,1,0,0,3,50,50,2
14212201,HS,P&S,Probability & Statistics,6,UG,R-14,IV SEM,1,0,3,1,0,30,70,3
14012202,HS,ES ,Environmental Studies,6,UG,R-14,IV SEM,1,0,4,0,0,30,70,3
14052203,PJ,DBMS,Database Management Systems,5,UG,R-14,IV SEM,1,0,3,1,0,30,70,3
14052204,PJ,FLAT,Formal Languages & Automata Theory,5,UG,R-14,IV SEM,1,0,3,1,0,30,70,3
14052205,PJ,JAVA,Java Programming,5,UG,R-14,IV SEM,1,0,3,1,0,30,70,3
14052206,PJ,CO,Computer Organization,5,UG,R-14,IV SEM,1,0,4,0,0,30,70,3
14052207,PJ,DBMS LAB,Database Management Systems Lab,5,UG,R-14,IV SEM,0,1,0,0,3,50,50,2
14052208,PJ,JAVA LAB,Java Programming Lab,5,UG,R-14,IV SEM,0,1,0,0,3,50,50,2
14053101,PJ,OS,Operating Systems,5,UG,R-14,V SEM,1,0,3,1,0,30,70,3
14053102,PJ,CN,Computer Networks,5,UG,R-14,V SEM,1,0,4,0,0,30,70,3
14053103,PJ,SE,Software Engineering,5,UG,R-14,V SEM,1,0,4,0,0,30,70,3
14053104,PJ,CD,Compiler Design,5,UG,R-14,V SEM,1,0,3,1,0,30,70,3
14053105,PJ,CG,Computer Graphics,5,UG,R-14,V SEM,1,0,3,1,0,30,70,3
14043106,PN,MPI,Micro Processors & Interfacing,4,UG,R-14,V SEM,1,0,4,0,0,30,70,3
14253107,HS,HVPE,Human Values & Professional Ethics (Audit Course),6,UG,R-14,V SEM,1,0,2,0,0,30,70,3
14053108,PJ,CN&OS LAB,Computer Networks & Operating System Lab,5,UG,R-14,V SEM,0,1,0,0,3,50,50,2
14043109,PN,MP LAB,Micro Processors Lab,4,UG,R-14,V SEM,0,1,0,0,3,50,50,2
14053201,PJ,OOAD,Object Oriented Analysis & Design,5,UG,R-14,VI SEM,1,0,4,0,0,30,70,3
14053202,PJ,DAA,Design & Analysis of Algorithms,5,UG,R-14,VI SEM,1,0,3,1,0,30,70,3
14053203,PJ,WT,Web Technologies,5,UG,R-14,VI SEM,1,0,4,0,0,30,70,3
14053204,PJ,MAD,Mobile Application Development,5,UG,R-14,VI SEM,1,0,3,1,0,30,70,3
14053207,PJ,ACA,Advanced Computer Architecture,5,UG,R-14,VI SEM,1,0,4,0,0,30,70,3
14053206,PJ,WSN, Wireless Sensor Networks    ,5,UG,R-14,VI SEM,1,0,4,0,0,30,70,3
14053208,PJ,MS,Multimedia Systems,5,UG,R-14,VI SEM,1,0,4,0,0,30,70,3
14243209,HS,AECS LAB,Advanced English & Communication Skills Lab,6,UG,R-14,VI SEM,1,0,0,0,3,50,50,2
14053210,PJ,WT LAB,Web Technologies lab,5,UG,R-14,VI SEM,1,0,0,0,3,50,50,2
14254101,HS,MEFA,Managerial Economics & Financial Analysis,6,UG,R-14,VII SEM,1,0,4,0,0,30,70,3
14054102,PJ,DW&DM,Data Warehousing & Data Mining,5,UG,R-14,VII SEM,1,0,4,0,0,30,70,3
14054103,PJ,CC,Cloud Computing,5,UG,R-14,VII SEM,1,0,3,1,0,30,70,3
14054104,PJ,MAD,Mobile Application Development,5,UG,R-14,VII SEM,1,0,3,1,0,30,70,3
14054106,PJ,DIP, Digital Image Processing  ,5,UG,R-14,VII SEM,1,0,4,0,0,30,70,3
14054105,PJ,ST,Software Testing ,5,UG,R-14,VII SEM,1,0,4,0,0,30,70,3
14054107,PJ,SA,Software Architecture,5,UG,R-14,VII SEM,1,0,4,0,0,30,70,3
14054109,PJ,C&NS,Cryptography & Network Security,5,UG,R-14,VII SEM,1,0,4,0,0,30,70,3
14054108,PJ,IRS, Information Retrieval System,5,UG,R-14,VII SEM,1,0,4,0,0,30,70,3
14054110,PJ,SOA,Service Oriented Architecture,5,UG,R-14,VII SEM,1,0,4,0,0,30,70,3
14054111,PJ,MAD LAB,Mobile Application Development Lab,5,UG,R-14,VII SEM,0,1,0,0,3,50,50,2
14054112,PJ,DW&DM LAB,Data Warehousing & Data Mining Lab,5,UG,R-14,VII SEM,0,1,0,0,3,50,50,2
14254201,HS,MS,Management Science,6,UG,R-14,VIII SEM,1,0,4,0,0,30,70,3
14054202,PJ,BDA,Big Data Analytics,5,UG,R-14,VIII SEM,1,0,4,0,0,30,70,3
14054203,PJ,SPM,Software Project Management,5,UG,R-14,VIII SEM,1,0,4,0,0,30,70,3
14054205,PJ,SC,Soft Computing,5,UG,R-14,VIII SEM,1,0,4,0,0,30,70,3
14054204,PJ,PTI,Principles of TCP/IP,5,UG,R-14,VIII SEM,1,0,4,0,0,30,70,3
14054206,PJ,IOT,Internet of Things,5,UG,R-14,VIII SEM,1,0,4,0,0,30,70,3
14054207,PJ,S,Seminar,5,UG,R-14,VIII SEM,0,1,0,0,0,100,0,3
14054208,PJ,PW,Project Work,5,UG,R-14,VIII SEM,0,1,0,0,0,50,50,10
14212101,BS,M3,Mathematics-3,6,UG,R-14,III SEM,1,0,3,1,0,30,70,3
14012102,HS,ES,Environmental Studies,6,UG,R-14,III SEM,1,0,3,0,0,30,70,3
14022103,PN,ECN,Electrical Circuits & Networks,2,UG,R-14,III SEM,1,0,4,0,0,30,70,3
14042104,PJ,EDC,Electronic Devices and Circuits,4,UG,R-14,III SEM,1,0,4,0,0,30,870,3
14042105,PJ,SS,Signals and Systems,4,UG,R-14,III SEM,1,0,4,0,0,30,70,3
14042106,PJ,STLD,Switching Theory and Logic Design,4,UG,R-14,III SEM,1,0,4,0,0,30,70,3
14042107,PJ,BS LAB,Basic Simulation Lab,4,UG,R-14,III SEM,0,1,0,0,3,30,70,2
14042108,PJ,EDC LAB,Electronic Devices & Circuits Lab,4,UG,R-14,III SEM,0,1,0,0,3,30,70,2
14252201,HS,MEFA,Managerial Economics & Financial Analysis,6,UG,R-14,IV SEM,1,0,4,0,0,30,70,3
14022202,PN,POEE,Principles of Electrical Engineering,2,UG,R-14,IV SEM,1,0,4,0,0,30,70,3
14042203,PJ,ECA,Electronic Circuit Analysis,4,UG,R-14,IV SEM,1,0,4,0,0,30,70,3
14042204,PJ,PDC,Pulse and Digital Circuits,4,UG,R-14,IV SEM,1,0,4,0,0,30,70,3
14042205,PJ,EMTL,Electromagnetic Theory & Transmission Lines,4,UG,R-14,IV SEM,1,0,4,0,0,30,70,3
14042206,PJ,PTSP,Probability Theory & Stochastic Processes,4,UG,R-14,IV SEM,1,0,4,0,0,30,70,3
14042207,PJ,ECA LAB,Electronic Circuit Analysis Lab,4,UG,R-14,IV SEM,0,1,0,0,3,50,50,2
14122208,PN,EE LAB,Electrical Engineering Lab,4,UG,R-14,IV SEM,0,1,0,0,3,50,50,2
14043101,PJ,AC,Analog Communications,4,UG,R-14,V SEM,1,0,4,0,0,30,70,3
14043102,PJ,LICA,Linear IC Applications,4,UG,R-14,V SEM,1,0,4,0,0,30,70,3
14023103,PN,CS,Control Systems,4,UG,R-14,V SEM,1,0,4,0,0,30,70,3
14043104,PJ,AWP,Antenna and wave propagation,4,UG,R-14,V SEM,1,0,4,0,0,30,70,3
14053112,PN,CO,Computer Organization,5,UG,R-14,V SEM,1,0,4,0,0,30,70,3
14043106,PJ,DICA,Digital IC Applications,4,UG,R-14,V SEM,1,0,4,0,0,30,70,3
14213107,HS,AECS LAB,Advanced English Language Communication skills lab,6,UG,R-14,V SEM,0,1,0,0,3,50,50,2
14043108,PJ,PDC LAB,Pulse & Digital Circuits Lab,4,UG,R-14,V SEM,0,1,4,0,0,50,50,2
14253107,HS,HVPE,Human Values and Professional Ethics,6,UG,R-14,V SEM,1,0,2,0,0,30,0,0
14043201,PJ,DC,Digital Communications,4,UG,R-14,VI SEM,1,0,4,0,0,30,70,3
14043202,PJ,MPI,Microprocessors & Interfacing,4,UG,R-14,VI SEM,1,0,4,0,0,30,70,3
14043203,PJ,MWE,Microwave Engineering,4,UG,R-14,VI SEM,1,0,4,0,0,30,70,3
14043204,PJ,DSP,Digital Signal Processing,4,UG,R-14,VI SEM,1,0,4,0,0,30,70,3
14043205,PJ,VLSI,VLSI Design,4,UG,R-14,VI SEM,1,0,4,0,0,30,70,3
14053213,PJ,CN,Computer Networks ,5,UG,R-14,VI SEM,1,0,4,0,0,30,70,3
14053212,PJ,DS,Data structures  ,5,UG,R-14,VI SEM,1,0,4,0,0,30,70,3
14053214,PJ,DBMS,Database Management Systems,5,UG,R-14,VI SEM,1,0,4,0,0,30,70,3
14043206,PJ,CE LAB,Communication Engineering Lab,4,UG,R-14,VI SEM,0,1,0,0,3,50,50,2
14043207,PJ,LICA LAB,Linear and Digital IC Applications Lab,4,UG,R-14,VI SEM,0,1,0,0,3,50,50,2
14254101,HS,MS,Management Science,6,UG,R-14,VII SEM,1,0,4,0,0,30,70,3
14044102,PJ,MCA,Microcontrollers & Applications,4,UG,R-14,VII SEM,1,0,4,0,0,30,70,3
14044103,PJ,EMI,Electronic Measurements and Instrumentation,4,UG,R-14,VII SEM,1,0,4,0,0,30,70,3
14044104,PJ,OC,Optical communications,4,UG,R-14,VII SEM,1,0,4,0,0,30,70,3
14044105,PJ,RS,RADAR Systems,5,UG,R-14,VII SEM,1,0,4,0,0,30,70,3
14044106,PJ,SP, Speech Processing,5,UG,R-14,VII SEM,1,0,4,0,0,30,70,3
14054112,PJ,JP,OOPS through Java Programming,5,UG,R-14,VII SEM,1,0,4,0,0,30,70,3
14044107,PJ,ERTOS,Embedded Real Time Operating Systems,4,UG,R-14,VII SEM,1,0,4,0,0,30,70,3
14054108,PJ,NN&FL,Neural networks and Fuzzy Logic,4,UG,R-14,VII SEM,1,0,4,0,0,30,70,3
14044108,PJ,DC,Data Communications,4,UG,R-14,VII SEM,1,0,4,0,0,30,70,3
14044109,PJ,MWOC LAB,Microwave & Optical Communications Lab,4,UG,R-14,VII SEM,0,1,0,0,3,50,50,2
14044110,PJ,MP&DSP LAB,Microprocessors & DSP lab,4,UG,R-14,VII SEM,0,1,0,0,3,50,50,2
14044201,PJ,CMC,Cellular & Mobile Communications,4,UG,R-14,VIII SEM,1,0,4,0,0,30,70,3
14044202,PJ,DIP,Digital Image Processing,4,UG,R-14,VIII SEM,1,0,4,0,0,30,70,3
14044203,PJ,SC,Satellite Communications,4,UG,R-14,VIII SEM,1,0,4,0,0,30,70,3
14044204,PJ,DAS,Data acquisition systems                                ,4,UG,R-14,VIII SEM,1,0,4,0,0,30,70,3
14044205,PJ,SSC,Spread Spectrum Communications ,4,UG,R-14,VIII SEM,1,0,4,0,0,30,70,3
14044206,PJ,BI, Biomedical Instrumentation,4,UG,R-14,VIII SEM,1,0,4,0,0,30,70,3
14044207,PJ,S,Seminar,4,UG,R-14,VIII SEM,1,0,0,0,0,100,0,3
14044208,PJ,PW,Project,4,UG,R-14,VIII SEM,0,1,0,0,0,50,50,10
14112103,PN,FM&HM,Fluid Mechanics & Hydraulic Machinery,2,UG,R-14,III SEM,1,0,4,0,0,30,70,3
14022105,PJ,CT,Circuit Theory,2,UG,R-14,III SEM,1,0,3,1,0,30,70,3
14022106,PJ,EM-I,Electrical Machines - I,2,UG,R-14,III SEM,1,0,3,1,0,30,70,3
14112107,PN,FM&HM LAB,Fluid Mechanics & Hydraulic Machinery Lab,2,UG,R-14,III SEM,0,1,0,0,3,50,50,2
14042108,PJ,EDS LAB,Electronic Devices and Circuits Lab,4,UG,R-14,III SEM,0,1,0,0,3,50,50,2
14042201,PJ,STLD,Switching Theory & Logic Design,2,UG,R-14,IV SEM,1,0,3,1,0,30,70,3
14042202,PJ,AEC,Analog Electronic Circuits,2,UG,R-14,IV SEM,1,0,3,1,0,30,70,3
14022203,PJ,GOEP,Generation of Electrical Power,2,UG,R-14,IV SEM,1,0,3,1,0,30,70,3
14022204,PJ,EMF,Electromagnetic Fields,2,UG,R-14,IV SEM,1,0,3,1,0,30,70,3
14022205,PJ,NT,Network Theory,2,UG,R-14,IV SEM,1,0,3,1,0,30,70,3
14022206,PJ,EM-II,Electrical Machines - II,2,UG,R-14,IV SEM,1,0,3,1,0,30,70,3
14022207,PJ,ECS LAB,Electrical Circuits and Simulation Lab,2,UG,R-14,IV SEM,0,1,0,0,3,50,50,2
14022208,PJ,EM-I LAB,Electrical Machines – I Lab,2,UG,R-14,IV SEM,0,1,0,0,3,50,50,2
14253101,HS,MEFA,Managerial Economics And Financial Analysis,2,UG,R-14,V SEM,1,0,3,1,0,30,70,3
14143102,PJ,LDICP,Linear& Digital Integrated Circuit Applications,2,UG,R-14,V SEM,1,0,3,1,0,30,70,3
14023103,PJ,CS,Control Systems,2,UG,R-14,V SEM,1,0,3,1,0,30,70,3
14023104,PJ,PE,Power Electronics,2,UG,R-14,V SEM,1,0,3,1,0,30,70,3
14023105,PJ,PS-I,Power Systems - I,2,UG,R-14,V SEM,1,0,3,1,0,30,70,3
14023106,PJ,EM-III,Electrical Machines - III,2,UG,R-14,V SEM,1,0,3,1,0,30,70,3
14023107,PJ,PE LAB,Power Electronics Lab,2,UG,R-14,V SEM,0,1,0,0,3,50,50,2
14023108,PJ,EM-II LAB,Electrical Machines – II Lab,2,UG,R-14,V SEM,0,1,0,0,3,50,50,2
14143201,PJ,MP&MC,Micro Processors & Microcontrollers,2,UG,R-14,VI SEM,1,0,3,1,0,30,70,3
14023202,PJ,EEM,Electrical & Electronic Measurements,2,UG,R-14,VI SEM,1,0,3,1,0,30,70,3
14023203,PJ,ACS,Advanced Control Systems,2,UG,R-14,VI SEM,1,0,3,1,0,30,70,3
14023204,PJ,PSCD,Power Semiconductor Drives,2,UG,R-14,VI SEM,1,0,3,1,0,30,70,3
14023205,PJ,PS-II,Power Systems - II,2,UG,R-14,VI SEM,1,0,4,0,0,30,70,3
14143206,PJ,DSP,Digital Signal Processing ,2,UG,R-14,VI SEM,1,0,3,1,0,30,70,3
14023207,PJ,HVDCT,High Voltage DC Transmission ,2,UG,R-14,VI SEM,1,0,3,1,0,30,70,3
14153208,PJ,JP,Object Oriented Programming through JAVA ,5,UG,R-14,VI SEM,1,0,3,1,0,30,70,3
14243209,HS,AECS,Advanced English communication Lab(Audit Course) ,6,UG,R-14,VI SEM,0,1,0,0,3,50,50,2
14023210,PJ,CS LAB,Control Systems Lab,2,UG,R-14,VI SEM,0,1,0,0,3,50,50,2
14023211,PJ,EM LAB,Electrical Measurements Lab,2,UG,R-14,VI SEM,0,1,0,0,3,50,50,2
14254101,HS,MS,Management Science,2,UG,R-14,VII SEM,1,0,3,1,0,30,70,3
14024102,PJ,PS-III,Power Systems - III,2,UG,R-14,VII SEM,1,0,3,1,0,30,70,3
14024103,PJ,SG&P,Switch Gear & Protection,2,UG,R-14,VII SEM,1,0,3,1,0,30,70,3
14024104,PJ,FACTS,Flexible AC Transmission Systems,2,UG,R-14,VII SEM,1,0,3,1,0,30,70,3
14024105,PJ,SCT, Soft Computing Techniques          ,2,UG,R-14,VII SEM,1,0,4,0,0,30,70,3
14024106,PJ,HVE, High Voltage Engineering                     ,2,UG,R-14,VII SEM,1,0,4,0,0,30,70,3
14024107,PJ,SEM,Special Electrical Machines,2,UG,R-14,VII SEM,1,0,3,1,0,30,70,3
14134108,PJ,OT, Optimization Techniques                        ,2,UG,R-14,VII SEM,1,0,4,0,0,30,70,3
14144109,PJ,VLSI,VLSI Design,2,UG,R-14,VII SEM,1,0,4,0,0,30,70,3
14024110,PJ,RE&APS,Reliability Engineering & Applications to Power Systems,2,UG,R-14,VII SEM,1,0,3,1,0,30,70,3
14254111,HS,PE,Professional Ethics (Audit Course),2,UG,R-14,VII SEM,1,0,2,0,0,0,0,0
14144112,PJ,MP&MC LAB,Micro Processors & Micro Controllers Lab,2,UG,R-14,VII SEM,0,1,0,0,3,50,50,2
14024113,PJ,PSS LAB,Power Systems Simulation Lab,2,UG,R-14,VII SEM,0,1,0,0,3,50,50,2
14024201,PJ,UEP,Utilization of Electrical Power,2,UG,R-14,VIII SEM,1,0,3,1,0,30,70,3
14024202,PJ,PSO&C,Power System Operation & Control,2,UG,R-14,VIII SEM,1,0,3,1,0,30,70,3
14024203,PJ,EDS,Electrical Distribution Systems,2,UG,R-14,VIII SEM,1,0,3,1,0,30,70,3
14024204,PJ,EA&DSM,Energy Auditing and Demand Side Management,2,UG,R-14,VIII SEM,1,0,4,0,0,30,70,3
14024205,PJ,SMPC,Switch Mode Power Converters,2,UG,R-14,VIII SEM,1,0,4,0,0,30,70,3
14024206,PJ,EMD,Electrical Machine Design,2,UG,R-14,VIII SEM,1,0,3,1,0,30,70,3
14024207,PJ,S,Seminar,2,UG,R-14,VIII SEM,1,0,0,0,0,100,0,3
14024208,PJ,PW,Project Work,2,UG,R-14,VIII SEM,0,1,0,0,0,50,50,10
14022101,PN,BEEE,Basic Electrical and Electronics Engineering,2,UG,R-14,III SEM,1,0,3,1,0,30,70,3
14212102,BS,BS,Probability and Statistics,6,UG,R-14,III SEM,1,0,3,1,0,30,70,3
14012103,ED,EM ,Engineering Mechanics,1,UG,R-14,III SEM,1,0,3,1,0,30,70,3
14012104,PJ,MM-1,Mechanics of Materials-1,1,UG,R-14,III SEM,1,0,3,1,0,30,70,3
14012105,PJ,IS,Introduction to Surveying,1,UG,R-14,III SEM,1,0,3,1,0,30,70,3
14012106,PJ,BM,Building Materials,1,UG,R-14,III SEM,1,0,3,1,0,30,70,3
14012107,PJ,SL-1,Surveying Lab-1,1,UG,R-14,III SEM,0,1,0,0,3,50,50,2
14012108,PJ,SML,Strength of Materials Lab,1,UG,R-14,III SEM,0,1,0,0,3,50,50,2
14022109,PN,BEEE,Basic Electrical and Electronics Engineering Lab,2,UG,R-14,III SEM,0,1,0,0,3,50,50,2
14012201,PJ,EG,Engineering Geology,1,UG,R-14,IV SEM,1,0,3,0,0,30,70,3
14012202,HS,ES,Environmental Studies,6,UG,R-14,IV SEM,1,0,3,0,0,30,70,3
14012203,PJ,EM-2,Mechanics of Materials-2,1,UG,R-14,IV SEM,1,0,3,1,0,30,70,3
14012204,PJ,AS,Advanced Surveying,1,UG,R-14,IV SEM,1,0,3,1,0,30,70,3
14012205,PJ,FM,Fluid Mechanics-1,1,UG,R-14,IV SEM,1,0,3,1,0,30,70,3
14012206,PJ,BC,Building Construction,1,UG,R-14,IV SEM,1,0,3,1,0,30,70,3
14012207,PJ,SA,Structural Analysis,1,UG,R-14,IV SEM,1,0,3,1,0,30,70,3
14012208,PJ,SL-2,Surveying Lab 2,1,UG,R-14,IV SEM,0,1,0,0,3,50,50,2
14012209,ED,CABDL,Computer Aided Building Drawing Lab,1,UG,R-14,IV SEM,0,1,0,0,3,50,50,2
14013101,PJ,MMSA,Matrix Methods of Structural Analysis,1,UG,R-14,V SEM,1,0,3,1,0,30,70,3
14013102,PJ,FM-2,Fluid Mechanics-2,1,UG,R-14,V SEM,1,0,3,1,0,30,70,3
14013103,PJ,SM,Soil Mechanics,1,UG,R-14,V SEM,1,0,3,1,0,30,70,3
14013104,PJ,IRCD,Introduction to Reinforced Concrete Design,1,UG,R-14,V SEM,1,0,3,1,0,30,70,3
14013105,PJ,HM,Hydraulic Machinery,1,UG,R-14,V SEM,1,0,3,1,0,30,70,3
14013106,PJ,WSE,Water Supply Engineering,1,UG,R-14,V SEM,1,0,3,1,0,30,70,3
14013107,PJ,FMHML,Fluid Mechanics and Hydraulic Machinery Lab,1,UG,R-14,V SEM,0,1,0,0,3,50,50,2
14013108,PJ,SML-2,Soil Mechanics Lab-1,1,UG,R-14,V SEM,0,1,0,0,3,50,50,2
14013109,PJ,EG,Engineering Geology Lab,1,UG,R-14,V SEM,0,1,0,0,3,50,50,2
14013110,PJ,ITS,Industrial Training Seminar,1,UG,R-14,V SEM,0,1,0,0,0,0,0,0
14253201,HS,MEFA,Managerial Economics and Financial Analysis,6,UG,R-14,VI SEM,1,0,3,0,0,30,70,3
14013202,PJ,HE,Highway Engineering,1,UG,R-14,VI SEM,1,0,3,1,0,30,70,3
14013203,PJ,DSS,Design of Steel Structures,1,UG,R-14,VI SEM,1,0,3,1,0,30,70,3
14013204,PJ,WSWE,Wastewater and Solid Waste Engineering,1,UG,R-14,VI SEM,1,0,3,1,0,30,70,3
14013205,PJ,HY,Hydrology,1,UG,R-14,VI SEM,1,0,3,1,0,30,70,3
14013206,PJ,CT,Concrete Technology,1,UG,R-14,VI SEM,1,0,3,1,0,30,70,3
14013207,PJ,PCD, Prestressed Concrete Design  ,1,UG,R-14,VI SEM,1,0,3,1,0,30,70,3
14013208,PJ,CP&M,Construction Planning and Management,1,UG,R-14,VI SEM,1,0,3,1,0,30,70,3
14013209,PJ,EEL,Environmental Engineering Lab,1,UG,R-14,VI SEM,0,1,0,0,3,50,50,2
14013210,PJ,CTL,Concrete Technology Lab,1,UG,R-14,VI SEM,0,1,0,0,3,50,50,2
14014101,PJ,ARCD,Advanced Reinforced Concrete Design,1,UG,R-14,VII SEM,1,0,3,1,0,30,70,3
14014102,PJ,TE,Traffic Engineering,1,UG,R-14,VII SEM,1,0,3,1,0,30,70,3
14014103,PJ,IHS,Irrigation and Hydraulics Structures,1,UG,R-14,VII SEM,1,0,3,1,0,30,70,3
14014104,PJ,QSV,Quantity Surveying and Valuation,1,UG,R-14,VII SEM,1,0,3,1,0,30,70,3
14014105,PJ,FE,Foundation Engineering,1,UG,R-14,VII SEM,1,0,3,1,0,30,70,3
14014106,PJ,IOT,Introduction to Optimization Techniques                ,1,UG,R-14,VII SEM,1,0,3,1,0,30,70,3
14014107,PJ,IDIP, Introduction to Digital Image Processing ,4,UG,R-14,VII SEM,1,0,3,1,0,30,70,3
14014108,PJ,IDC, Introduction to Database Concepts,1,UG,R-14,VII SEM,1,0,3,1,0,30,70,3
14014110,PJ,HEML,Highway Engineering Materials Lab,1,UG,R-14,VII SEM,0,1,0,0,3,50,50,2
14014111,PJ,SML-2,Soil Mechanics Lab-2,1,UG,R-14,VII SEM,0,1,0,0,3,50,50,2
14014201,PJ,DDIS,Design and Drawing of Irrigation Structures,1,UG,R-14,VIII SEM,1,0,2,0,2,30,70,3
14014202,PJ,RS&GIS,Remote Sensing & GIS,1,UG,R-14,VIII SEM,1,0,3,1,0,30,70,3
14014203,PJ,BSDMF,Basic Soil Dynamics and Machine Foundations,1,UG,R-14,VIII SEM,1,0,3,0,0,30,70,3
14014204,PJ,BE,Bridge Engineering        ,1,UG,R-14,VIII SEM,1,0,3,0,0,30,70,3
14014205,PJ,RRS,Repair and Rehabilitation of Structures,1,UG,R-14,VIII SEM,1,0,3,0,0,30,70,3
14014206,PJ,RDHE,"Railways, Docks and Harbour Engineering           ",1,UG,R-14,VIII SEM,1,0,3,0,0,30,70,3
14014207,PJ,HE,Hydropower Engineering ,1,UG,R-14,VIII SEM,1,0,3,0,0,30,70,3
14014208,PJ,DMM,Disaster Management and Mitigation,1,UG,R-14,VIII SEM,1,0,3,0,0,30,70,3
14014209,PJ,PW,Project Work,1,UG,R-14,VIII SEM,0,1,0,0,0,50,50,10
14014210,PJ,CVV,Comprehensive Viva-voce,1,UG,R-14,VIII SEM,1,0,0,0,0,100,0,3
14112101,PN,EM,Engineering Mechanics,3,UG,R-14,III SEM,1,0,3,1,0,30,70,3
14112102,PN,MS,Mechanics of Solids,3,UG,R-14,III SEM,1,0,3,1,0,30,70,3
14992103,PN,EEEE,Electrical Engineering & Electronics Engineering,2,UG,R-14,III SEM,1,0,3,1,0,30,70,3
14032104,PJ,MSE,Material Science and Engineering,3,UG,R-14,III SEM,1,0,3,1,0,30,70,3
14032105,PJ,TD,Thermodynamics,3,UG,R-14,III SEM,1,0,3,1,0,30,70,3
14032106,PJ,ME,Machine Drawing,3,UG,R-14,III SEM,1,0,1,0,4,30,70,3
14992107,PJ,MSL&MSL,Material Science Lab & Mechanics of Solids Lab,3,UG,R-14,III SEM,0,1,0,0,3,50,50,2
14992108,PN,EEE LAB,Electrical & Electronics Engineering Lab,2,UG,R-14,III SEM,0,1,0,0,3,50,50,2
14252109,HS,HVPE,Human Values and Professional Ethics (Audit Course),6,UG,R-14,III SEM,1,0,2,0,0,30,70,3
14212201,BS,P&S,Probability and Statistics,6,UG,R-14,IV SEM,1,0,3,1,0,30,70,3
14012202,HS,ES,Environmental Studies,6,UG,R-14,IV SEM,1,0,3,1,0,30,70,3
14112203,PN,MF,Mechanics of Fluids,3,UG,R-14,IV SEM,1,0,3,1,0,30,70,3
14032204,PJ,KM,Kinematics of Machinery,3,UG,R-14,IV SEM,1,0,3,1,0,30,70,3
14032205,PJ,TE,Thermal Engineering – I,3,UG,R-14,IV SEM,1,0,3,1,0,30,70,3
14032206,PJ,MT,Manufacturing Technology,3,UG,R-14,IV SEM,1,0,3,1,0,30,70,3
14112207,PN,FMHML,Fluid Mechanics and Hydraulic Machines Lab,3,UG,R-14,IV SEM,0,1,0,0,3,50,50,2
14032208,PJ,MTL,Manufacturing Technology Lab,3,UG,R-14,IV SEM,0,1,0,0,3,50,50,2
14033101,HS,IM,Industrial Management,3,UG,R-14,V SEM,1,0,3,1,0,30,70,3
14033102,PJ,TE,Thermal Engineering II,3,UG,R-14,V SEM,1,0,3,1,0,30,70,3
14033103,PJ,DM-1,Dynamics of Machinery- I,3,UG,R-14,V SEM,1,0,3,1,0,30,70,3
14033104,PJ,MT,Machine tools,3,UG,R-14,V SEM,1,0,3,1,0,30,70,3
14033105,PJ,DME,Design of Machine Elements-I,3,UG,R-14,V SEM,1,0,3,1,0,30,70,3
14033106,PJ,HT,Heat Transfer,3,UG,R-14,V SEM,1,0,3,1,0,30,70,3
14243107,HS,AECS LAB,Advanced English Communication Skills Lab,6,UG,R-14,V SEM,0,1,0,0,3,50,50,2
14033108,PJ,TE LAB,Thermal Engineering Lab,3,UG,R-14,V SEM,0,1,0,0,3,50,50,2
14253201,HS,MEFA,Managerial Economics and Financial Analysis,3,UG,R-14,VI SEM,1,0,3,1,0,30,70,3
14033202,PJ,OR,Operations Research,3,UG,R-14,VI SEM,1,0,3,1,0,30,70,3
14033203,PJ,DM-2,Dynamics of Machinery-II,3,UG,R-14,VI SEM,1,0,3,1,0,30,70,3
14033204,PJ,RAC,Refrigeration and AirConditioning,3,UG,R-14,VI SEM,1,0,3,1,0,30,70,3
14033205,PJ,DME-2,Design of Machine Elements-II,3,UG,R-14,VI SEM,1,0,3,1,0,30,70,3
14033206,PJ,AE,Automobile Engineering ,3,UG,R-14,VI SEM,1,0,3,0,0,30,70,3
14033207,PJ,ICE,IC Engines    ,3,UG,R-14,VI SEM,1,0,3,0,0,30,70,3
14033208,PJ,EP,Entrepreneurship,3,UG,R-14,VI SEM,1,0,3,1,0,30,70,3
14033209,PJ,M&MT LAB,Metrology & MachineTools Lab,3,UG,R-14,VI SEM,0,1,0,0,3,50,50,2
14033210,PJ,HT&DL,Heat Transfer and Dynamics Lab,3,UG,R-14,VI SEM,0,1,0,0,3,50,50,2
14034101,PJ,CAD/CAM,CAD/CAM,3,UG,R-14,VII SEM,1,0,3,1,0,30,70,3
14034102,PJ,M,Metrology,3,UG,R-14,VII SEM,1,0,3,1,0,30,70,3
14034103,PJ,FEM,Finite Element Methods,3,UG,R-14,VII SEM,1,0,3,1,0,30,70,3
14034104,PJ,ICS,Instrumentation and Control Systems,3,UG,R-14,VII SEM,1,0,3,1,0,30,70,3
14034105,PJ,P&OM,Production & Operations Management,3,UG,R-14,VII SEM,1,0,3,0,0,30,70,3
14034106,PJ,CFD,Computational Fluid Dynamics,3,UG,R-14,VII SEM,1,0,3,0,0,30,70,3
14034107,PJ,M,Mechatronics,3,UG,R-14,VII SEM,1,0,3,0,0,30,70,3
14034108,PJ,MMM,Modern Manufacturing Methods,3,UG,R-14,VII SEM,1,0,3,0,0,30,70,3
14034109,PJ,TD, Tool Design,3,UG,R-14,VII SEM,1,0,3,0,0,30,70,3
14034110,PJ,PPE,Power Plant Engineering,3,UG,R-14,VII SEM,1,0,3,1,0,30,70,3
14034111,PJ,I&CS LAB,Instrumentation and Control Systems Lab,3,UG,R-14,VII SEM,0,1,0,0,3,50,50,2
14034112,PJ,CAD/CAM LAB,CAD/CAM Lab,3,UG,R-14,VII SEM,0,1,0,0,3,50,50,2
14034201,PJ,A&R,Automation & Robotics,3,UG,R-14,VIII SEM,1,0,3,1,0,30,70,3
14034202,PJ,RES,Renewable energy sources,3,UG,R-14,VIII SEM,1,0,3,1,0,30,70,3
14034203,PJ,GT&JP,Gas Turbines and Jet Propulsion,3,UG,R-14,VIII SEM,1,0,3,1,0,30,70,3
14034204,PJ,GM,Geometric Modeling,3,UG,R-14,VIII SEM,1,0,3,0,0,30,70,3
14034205,PJ,CM,Composite Materials,3,UG,R-14,VIII SEM,1,0,3,0,0,30,70,3
14034206,PJ,PE&IPR,Professional Ethics & Intellectual Property Rights,3,UG,R-14,VIII SEM,1,0,3,1,0,30,70,3
14034207,PJ,S,Seminar,3,UG,R-14,VIII SEM,0,1,0,0,0,100,0,3
14034208,PJ,PW,Project Work,3,UG,R-14,VIII SEM,0,1,0,0,0,50,50,10
1521101,BS,M1,Mathematics-1,6,UG,R-15,I SEM,1,0,3,1,0,30,70,3
1521102,BS,M2,Mathematics-2,6,UG,R-15,I SEM,1,0,3,1,0,30,70,3
1503103,ED,EG,Engineering Graphics,3,UG,R-15,I SEM,1,0,1,0,3,30,70,3
1524104,HS,ENG1,English-1,6,UG,R-15,I SEM,1,0,4,0,0,30,70,3
1502105,ED,C,Programming in C,5,UG,R-15,I SEM,1,0,3,1,0,30,70,3
1501106,HS,ES,Environimenta Studies,6,UG,R-15,I SEM,1,0,4,0,0,30,70,3
1505107,ED,C Lab,Programming in C Lab,5,UG,R-15,I SEM,0,1,0,0,3,50,50,2
1599108,ED,EW,Engineering Workshop,3,UG,R-15,I SEM,0,1,0,0,3,50,50,2
1522102,BS,EP,Engineering Physics,6,UG,R-15,II SEM,1,0,3,1,0,30,70,3
1521202,BS,M3,Mathematics-3,6,UG,R-15,II SEM,1,0,3,1,0,30,70,3
1523103,ED,EC,Engineering Chemistry,6,UG,R-15,II SEM,1,0,3,1,0,30,70,3
1524204,HS,ENG2,English-2,6,UG,R-15,II SEM,1,0,4,0,0,30,70,3
1505205,PJ,IDS,Introduction to Data Structures,5,UG,R-15,II SEM,1,0,3,1,3,30,70,3
1525106,HS,HVPE,Human Values and Professional Ethics,6,UG,R-15,II SEM,1,0,4,0,0,30,70,3
1599107,BS,PC LAB,Physics and Chemistry Lab,6,UG,R-15,II SEM,0,1,0,0,3,50,50,2
1524108,HS,ELCS LAB,English Language and Communication Skills Lab,6,UG,R-15,II SEM,0,1,0,0,3,50,50,2
1599301,PN,EEE,Electrical & Electronics Engineering ,3,UG,R-15,III SEM,1,0,3,1,0,30,70,3
1505302,PJ,ADS,Advanced Data Structures,5,UG,R-15,III SEM,1,0,3,1,0,30,70,3
1505303,PJ,DLD,Digital Logic Design,5,UG,R-15,III SEM,1,0,3,1,0,30,70,3
1505304,PJ,DM,Discrete Mathematics,5,UG,R-15,III SEM,1,0,4,0,0,30,70,3
1525305,PN,MEFA,Managerial Economics & Financial Analysis,6,UG,R-15,III SEM,1,0,3,1,0,30,70,3
1505306,PJ,OOPS(or)C++,Object Oriented Programming through C++,5,UG,R-15,III SEM,1,0,3,1,0,30,70,3
1505307,PJ,OOPS&DS LAB,Object Oriented Programming & Data Structures Lab,5,UG,R-15,III SEM,0,1,0,0,3,50,50,2
1599308,PN,EEE LAB,Electrical & Electronics Engineering Lab,3,UG,R-15,III SEM,0,1,0,0,3,50,50,2
1521401,HS,P&S,Probability & Statistics,6,UG,R-15,IV SEM,1,0,3,1,0,30,70,3
1505402,HS,OS,Operating Systems,5,UG,R-15,IV SEM,1,0,4,0,0,30,70,3
1505403,PJ,DBMS,Database Management Systems,5,UG,R-15,IV SEM,1,0,3,1,0,30,70,3
1505404,PJ,FLAT,Formal Languages & Automata Theory,5,UG,R-15,IV SEM,1,0,3,1,0,30,70,3
1505405,PJ,JAVA,Java Programming,5,UG,R-15,IV SEM,1,0,3,1,0,30,70,3
1505406,PJ,CO,Computer Organization,5,UG,R-15,IV SEM,1,0,4,0,0,30,70,3
1525407,PJ,DBMS LAB,Database Management Systems Lab,5,UG,R-15,IV SEM,0,1,0,0,3,50,50,2
1505408,PJ,JAVA LAB,Java Programming Lab,5,UG,R-15,IV SEM,0,1,0,0,3,50,50,2
1505501,PJ,WT,Web Technologies,5,UG,R-15,V SEM,1,0,3,1,0,30,70,3
1505502,PJ,CN,Computer Networks,5,UG,R-15,V SEM,1,0,3,1,0,30,70,3
1505503,PJ,SE,Software Engineering,5,UG,R-15,V SEM,1,0,4,0,0,30,70,3
1505504,PJ,CD,Compiler Design,5,UG,R-15,V SEM,1,0,3,1,0,30,70,3
1505505,PJ,ACA,Advanced Computer Architecture,5,UG,R-15,V SEM,1,0,3,1,0,30,70,3
1505506,PJ,MS,Multimedia Systems,5,UG,R-15,V SEM,1,0,3,1,0,30,70,3
1505507,PJ,PPL,Principles of Programming Languages,5,UG,R-15,V SEM,1,0,3,1,0,30,70,3
1504508,PN,MP,Micro Processors,4,UG,R-15,V SEM,1,0,4,0,0,30,70,3
1505509,PN,WT LAB,Web Technologies Lab,5,UG,R-15,V SEM,0,1,0,0,3,50,50,2
1524510,PN,AECS LAB,Advanced English and Communication Skills Lab,6,UG,R-15,V SEM,0,1,0,0,3,50,50,2
1505601,PJ,OOAD,Object Oriented Analysis & Design,5,UG,R-15,VI SEM,1,0,4,0,0,30,70,3
1505602,PJ,DAA,Design & Analysis of Algorithms,5,UG,R-15,VI SEM,1,0,4,0,0,30,70,3
1505603,PJ,C&NS,Cryptography & Network Security,5,UG,R-15,VI SEM,1,0,4,0,0,30,70,3
1505604,PJ,DM,Data Mining,5,UG,R-15,VI SEM,1,0,3,1,0,30,70,3
1505605,PJ,MAD,Mobile Application Development,5,UG,R-15,VI SEM,1,0,3,1,0,30,70,3
1505606,PJ,ML,Machine Learning,5,UG,R-15,VI SEM,1,0,4,0,0,30,70,3
1505607,PJ,DS,Distributed Systems,5,UG,R-15,VI SEM,1,0,4,0,0,30,70,3
1505608,PJ,U&SP,Unix and Shell Programming,5,UG,R-15,VI SEM,1,0,4,0,0,30,70,3
1505609,PN,UML & DM Lab,UML & Data Mining Lab,5,UG,R-15,VI SEM,0,1,0,0,3,50,50,2
1505610,PN,MAD Lab,Mobile Application Development Lab,5,UG,R-15,VI SEM,0,1,0,0,3,50,50,2
1505701,PJ,BDT,Big Data Technologies,5,UG,R-15,VII SEM,1,0,3,1,0,30,70,3
1505703,PJ,AI,Artificial Intelligence,5,UG,R-15,VII SEM,1,0,4,0,0,30,70,3
1505702,PJ,CC,Cloud Computing,2,UG,R-15,VII SEM,1,0,4,0,0,30,70,3
1505704,PJ,ST,Software Testing,2,UG,R-15,VII SEM,1,0,4,0,0,30,70,3
1505705,PJ,CG,Computer Graphics,5,UG,R-15,VII SEM,1,0,3,1,0,30,70,3
1505706,PJ,MC,Mobile Computing,5,UG,R-15,VII SEM,1,0,3,1,0,30,70,3
1505707,PJ,NLP,Natural Language Processing,5,UG,R-15,VII SEM,1,0,3,1,0,30,70,3
1505708,PJ,IOT,Internet Of Things,5,UG,R-15,VII SEM,1,0,4,0,0,30,70,3
1505709,PJ,ST LAB,Software Testing Lab,5,UG,R-15,VII SEM,0,0,0,0,3,50,50,2
1505710,PJ,IOT LAB,Internet Of Things Lab,5,UG,R-15,VII SEM,0,1,0,0,3,50,50,2
1525801,PJ,SPM,Software Project Management,5,UG,R-15,VIII SEM,1,0,4,0,0,30,70,3
1505802,PJ,EH,Ethical Hacking,5,UG,R-15,VIII SEM,1,0,4,0,0,30,70,3
1505803,PN,MS,Management Science,5,UG,R-15,VIII SEM,1,0,3,1,0,30,70,3
1505804,PJ,DIP,Digital Image Processing,5,UG,R-15,VIII SEM,1,0,4,0,0,30,70,3
1505805,PJ,SNMA,Social Network Mining and Analysis,5,UG,R-15,VIII SEM,1,0,4,0,0,30,70,3
1505806,PJ,SC,Soft Computing,5,UG,R-15,VIII SEM,1,0,4,0,0,30,70,3
1505807,PJ,SC,Seminar & Comprehensive Viva Voce,5,UG,R-15,VIII SEM,0,1,0,0,0,100,0,4
1505808,PJ,PW,Project Work,5,UG,R-15,VIII SEM,0,1,4,0,0,50,50,10
14551201,PJ,ADMS,Advanced Database Management  Systems ,1,PG,R-14,II SEM,1,0,4,0,0,40,60,4
14551202,PJ,DS,Distributed Systems ,1,PG,R-14,II SEM,1,0,4,0,0,40,60,4
14551203,PJ,DW&D,Data Warehousing & Data Mining ,1,PG,R-14,II SEM,1,0,4,0,0,40,60,4
14551204,PJ,OOAD,Object Oriented Analysis and Design ,1,PG,R-14,II SEM,1,0,4,0,0,40,60,4
14551205,PJ,BDT,Big Data Analytics ,1,PG,R-14,II SEM,1,0,4,0,0,40,60,4
14551206,PJ,SQAT,Software Quality Assurance and Testing ,1,PG,R-14,II SEM,1,0,4,0,0,40,60,4
14551207,PJ,NS&C,Network Security & Cryptography,1,PG,R-14,II SEM,1,0,4,0,0,40,60,4
14551208,PJ,WSN, Wireless Sensor Networks ,1,PG,R-14,II SEM,1,0,4,0,0,40,60,4
14551209,PJ,S LAB,Software Lab-2 ,1,PG,R-14,II SEM,0,1,0,0,3,50,50,2
14551101,PJ,ADS,Advanced Data Structures ,1,PG,R-14,I SEM,1,0,4,0,0,40,60,4
14551102,PJ,ASE,Advanced Software Engineering,1,PG,R-14,I SEM,1,0,4,0,0,40,60,4
14551103,PJ,ACA,Advanced Computer Architecture,1,PG,R-14,I SEM,1,0,4,0,0,40,60,4
14551104,PJ,CC, Cloud Computing ,1,PG,R-14,I SEM,1,0,4,0,0,40,60,4
14551105,PJ,CAN,Advanced Computer Networks,1,PG,R-14,I SEM,1,0,4,0,0,40,60,4
14551106,PJ,PP,Pythan Programming ,1,PG,R-14,I SEM,1,0,4,0,0,40,60,4
14551107,PJ,J&WT,Java & Web Technologies,1,PG,R-14,I SEM,1,0,4,0,0,40,60,4
14551108,PJ,IP,Image Processing ,1,PG,R-14,I SEM,1,0,4,0,0,40,60,4
14551109,PJ,S LAB,Software Lab-1 ,1,PG,R-14,I SEM,0,1,0,0,3,50,50,2
14541101,PJ,DSD,Digital System Design ,1,PG,R-14,I SEM,1,0,4,0,0,40,60,4
14541102,PJ,ES,Embedded Systems ,1,PG,R-14,I SEM,1,0,4,0,0,40,60,4
14541103,PJ,A&DSP,Advanced DSP,1,PG,R-14,I SEM,1,0,4,0,0,40,60,4
14541104,PJ,DCT,Digital Communication Techniques ,1,PG,R-14,I SEM,1,0,4,0,0,40,60,4
14541105,PJ,ASP,Adaptive Signal Processing ,1,PG,R-14,I SEM,1,0,4,0,0,40,60,4
14541106,PJ,ACA, Advanced Computer Architecture ,1,PG,R-14,I SEM,1,0,4,0,0,40,60,4
14541107,PJ,DSP&A,DSP Processors & Architecture ,2,PG,R-14,I SEM,1,0,4,0,0,40,60,4
14541105,PJ,FBW, Filter banks and wavelets ,2,PG,R-14,I SEM,1,0,4,0,0,40,60,4
14541108,PJ,DSDL,Digital System Design Lab ,2,PG,R-14,I SEM,0,1,0,0,3,50,50,2
14541201,PJ,WC,Wireless Communications,2,PG,R-14,II SEM,1,0,4,0,0,40,60,4
14541202,PJ,DES,Detection and Estimation of Signals ,2,PG,R-14,II SEM,1,0,4,0,0,40,60,4
14541203,PJ,IVP,Image and Video Processing ,2,PG,R-14,II SEM,1,0,4,0,0,40,60,4
14541204,PJ,MSD,Microcomputer System Design ,2,PG,R-14,II SEM,1,0,4,0,0,40,60,4
14541205,PJ,VLSID&T,VLSI Design and Technology ,2,PG,R-14,II SEM,1,0,0,0,0,40,60,4
14541206,PJ,IN,Internetworking ,2,PG,R-14,II SEM,1,0,4,0,0,40,60,4
14541207,PJ,MC, Multimedia Communications ,2,PG,R-14,II SEM,1,0,4,0,0,40,60,4
14541208,PJ,OC,Optical Communication ,2,PG,R-14,II SEM,1,0,4,0,0,40,60,4
14541209,PJ,C&SP LAB,Communications & Signal Processing (CSP) Lab ,2,PG,R-14,II SEM,0,1,0,0,3,50,50,2
14521101,PJ,MCT,Modern Control Theory ,2,PG,R-14,I SEM,1,0,3,1,0,60,60,4
14521102,PJ,PSC&S,Power System Control & Stabilit,2,PG,R-14,I SEM,1,0,3,1,0,40,60,4
14521103,PJ,ET,EHVAC Transmission ,2,PG,R-14,I SEM,1,0,3,1,0,40,60,4
14521104,PJ,RPC&M,Reactive Power Compensation & Management ,2,PG,R-14,I SEM,1,0,3,1,0,40,60,4
14521105,PJ,PSD,Power System Deregulation ,2,PG,R-14,I SEM,1,0,3,1,0,40,60,4
14521106,PJ,OT,Optimization Techniques ,2,PG,R-14,I SEM,1,0,3,1,0,40,60,4
14521107,PJ,PCT,Power Conversion Techniques ,2,PG,R-14,I SEM,1,0,3,1,0,40,60,4
12521108,PJ,GIS,Gas Insulated Systems ,2,PG,R-14,I SEM,1,0,3,1,0,40,60,4
14521109,PJ,PS LAB,Power Systems Lab ,3,PG,R-14,I SEM,0,1,0,0,3,50,50,4
14521201,PJ,OCPS,Operation and Control of Power Systems,3,PG,R-14,II SEM,1,0,3,1,0,40,60,4
14521202,PJ,APSP,Advanced Power System Protection,3,PG,R-14,II SEM,1,0,3,1,0,40,60,4
14521203,PJ,PQ,Power Quality,3,PG,R-14,II SEM,1,0,3,1,0,40,60,4
14521204,PJ,PSR,Power System Reliability,3,PG,R-14,II SEM,1,0,3,1,0,40,60,4
14521205,PJ,ECS,Energy Conversion Systems,3,PG,R-14,II SEM,1,0,3,1,0,40,60,4
14521206,PJ,ESG,Electric Smart Grid,3,PG,R-14,II SEM,1,0,3,1,0,40,60,4
14521207,PJ,AITEPE,AI Techniques in Electrical Power Engineering,3,PG,R-14,II SEM,1,0,3,1,0,40,60,4
14521208,PJ,DCS,Digital Control Systems,3,PG,R-14,II SEM,1,0,3,1,0,40,60,4
14521209,PJ,PSS LB,Power Systems Simulation Lab,3,PG,R-14,II SEM,0,1,0,0,3,50,50,2
14522101,PJ,Seminar,Seminar,3,PG,R-14,III SEM,0,1,0,0,0,0,100,2
14522201,PJ,PW,Project Work,3,PG,R-14,IV SEM,0,1,0,0,0,50,50,16
14511101,PJ,NM,Numerical Methods,3,UG,R-14,I SEM,1,0,3,1,0,40,60,4
14511102,PJ,EGM,Experimental Geo-Mechanics,3,UG,R-14,I SEM,1,0,3,1,0,40,60,4
14511103,PJ,SF,Shallow Foundations,3,UG,R-14,I SEM,1,0,3,1,0,40,60,4
14511104,PJ,GIT,Ground Improvement Techniques,3,UG,R-14,I SEM,1,0,3,1,0,40,60,4
14511105,PJ,PPM,Project Planning and Management,3,UG,R-14,I SEM,1,0,3,1,0,40,60,4
14511106,PJ,SSI,Soil Structure Interaction,3,UG,R-14,I SEM,1,0,3,1,0,40,60,4
14511107,PJ,EGT,Environmental Geo-Technology,3,UG,R-14,I SEM,1,0,3,1,0,40,60,4
14511108,PJ,AEG,Advanced Engineering Geology,3,UG,R-14,I SEM,1,0,3,1,0,40,60,4
14511109,PJ,DM,Disaster Management,3,UG,R-14,I SEM,1,0,3,1,0,40,60,4
14511110,PJ,GI,Geotechnical Instrumentation,3,UG,R-14,I SEM,1,0,3,1,0,40,60,4
14511111,PJ,GIL,Geotechnical Engineering Lab,4,UG,R-14,I SEM,0,1,0,0,3,50,50,2
14511201,PJ,ERS,Earth Retaining Structures,4,UG,R-14,II SEM,1,0,3,1,0,40,60,4
14511202,PJ,DF,Deep Foundations,4,UG,R-14,II SEM,1,0,3,1,0,40,60,4
14511203,PJ,CPES,Construction Practices in Expansive Soils,4,UG,R-14,II SEM,1,0,3,1,0,40,60,4
14511204,PJ,SDMF,Soil Dynamics and Machine Foundations,4,UG,R-14,II SEM,1,0,3,1,0,40,60,4
14511205,PJ,FEM,Finite Element Method,4,UG,R-14,II SEM,1,0,3,1,0,40,60,4
14511206,PJ,DGS,Design with Geo-synthetics,4,UG,R-14,II SEM,1,0,3,1,0,40,60,4
14511207,PJ,PD,Pavement Design,4,UG,R-14,II SEM,1,0,3,1,0,40,60,4
14511208,PJ,RSA,Remote Sensing and Applications,4,UG,R-14,II SEM,1,0,3,1,0,40,60,4
14511209,PJ,GEE,Geotechnical Earthquake Engineering,4,UG,R-14,II SEM,1,0,3,1,0,40,60,4
14511210,PJ,PSM,Project Safety Management,4,UG,R-14,II SEM,1,0,3,1,0,40,60,4
14511211,PJ,CGAL,Computer Geotechnical Applications Lab,4,UG,R-14,II SEM,0,1,0,0,3,50,50,2
14512101,PJ,Seminar,Seminar,4,UG,R-14,III SEM,0,1,0,0,0,0,100,2
14512201,PJ,PW,Project Work,4,UG,R-14,IV SEM,0,1,0,0,0,50,50,16
14211101,BS,CM,COMPUTATIONAL METHODS,4,UG,R-14,I SEM,1,0,3,1,0,40,60,4
14531102,PJ,FEM,FINITE ELEMENT METHODS,4,UG,R-14,I SEM,1,0,3,1,0,40,60,4
14531103,PJ,CIM,COMPUTER INTEGRATED MANUFACTURING,4,UG,R-14,I SEM,1,0,3,1,0,40,60,4
14531104,PJ,GM,GEOMETRIC MODELING,4,UG,R-14,I SEM,1,0,3,1,0,40,60,4
14531105,PJ,AMT,ADVANCES IN MANUFACTURING TECHNOLOGY,5,UG,R-14,I SEM,1,0,3,1,0,40,60,4
14531106,PJ,QEM,QUALITY ENGINEERING AND MANUFACTURING ,5,UG,R-14,I SEM,1,0,3,1,0,40,60,4
14531107,PJ,CAPP,COMPUTER AIDED PROCESS PLANNING,5,UG,R-14,I SEM,1,0,3,1,0,40,60,4
14531108,PJ,DFM,DESIGN FOR MANUFACTURING,5,UG,R-14,I SEM,1,0,3,1,0,40,60,4
14531109,PJ,CE,CONCURRENT ENGINEERING,5,UG,R-14,I SEM,1,0,3,1,0,40,60,4
14531110,PJ,N & CNC LAB,MODELING AND CNC LAB,5,UG,R-14,I SEM,0,1,3,0,3,50,50,2
14531201,PJ,AOT,ADVANCED OPTIMIZATION TECHNIQUES,5,UG,R-14,II SEM,1,0,3,1,0,40,60,4
14531202,PJ,R ,ROBOTICS,5,UG,R-14,II SEM,1,0,3,1,0,40,60,4
14531203,PJ,CG ,COMPUTER GRAPHICS,5,UG,R-14,II SEM,1,0,3,1,0,40,60,4
14531204,PJ,CNCT & P,CNC TECHNOLOGY & PROGRAMMING,5,UG,R-14,II SEM,1,0,3,1,0,40,60,4
14531205,PJ,M ,MECHATRONICS,5,UG,R-14,II SEM,1,0,3,1,0,40,60,4
14531206,PJ,RP ,RAPID PROTOTYPING,5,UG,R-14,II SEM,1,0,3,1,0,40,60,4
14531207,PJ,AIES,ARTIFICIAL INTELLIGENCE & EXPERT SYSTEMS,5,UG,R-14,II SEM,1,0,3,1,0,40,60,4
14531208,PJ,MMMC,MECHANICS & MANUFACTURING METHODS OF COMPOSITES,5,UG,R-14,II SEM,1,0,3,1,0,40,60,4
14531209,PJ,AM ,AUTOMATION IN MANUFACTURING,5,UG,R-14,II SEM,1,0,3,1,0,40,60,4
14531210,PJ,CAD/CAM LAB,CAD/CAM LAB,5,UG,R-14,II SEM,0,1,3,0,3,50,50,2
14532101,PJ,Seminar,Seminar,5,UG,R-14,III SEM,0,1,0,0,0,0,100,2
14532201,PJ,PW,Project Work,5,UG,R-14,IV SEM,0,1,0,0,0,50,50,16
1521301,BS,M4,Mathematics-IV,6,UG,R-15,III SEM,1,0,3,1,0,30,70,3
1511302,PN,FMHM,Fluids Mechanics & Hydraulic Machinery,1,UG,R-15,III SEM,1,0,4,0,0,30,70,3
1504303,PJ,EDC,Electronic Devices and Circuits ,4,UG,R-15,III SEM,1,0,4,0,0,30,70,3
1502304,PJ,EMF,Electromagnetic Fields,3,UG,R-15,III SEM,1,0,3,1,0,30,70,3
1502305,PJ,NT,Network Theory,3,UG,R-15,III SEM,1,0,3,1,0,30,70,3
1502306,PJ,EM-1,Electrical Machines-I,3,UG,R-15,III SEM,1,0,3,1,0,30,70,3
1511307,PN,FMHM LAB, Fluid Mechanics & Hydraulic machinery Lab,1,UG,R-15,III SEM,0,1,0,0,3,50,50,2
1502308,PJ,EC&S LAB,Electrical Circuits & Simuation Lab,3,UG,R-15,III SEM,0,1,0,0,3,50,50,2
1514401,PJ,AEC,Analog Electronic Circuits,4,UG,R-15,IV SEM,1,0,3,1,0,30,70,3
1504402,PJ,STLC,Switching Theory & Logic Design,3,UG,R-15,IV SEM,1,0,3,1,0,30,70,3
1502403,PJ,GEP,Generation of Electrical Power,3,UG,R-15,IV SEM,1,0,3,1,0,30,70,3
1502404,PJ,Electronic M,Electrical & Electronics Measurments,3,UG,R-15,IV SEM,1,0,3,1,0,30,70,3
1502405,PJ,EM-II,Electrical Machines-II,3,UG,R-15,IV SEM,1,0,3,1,0,30,70,3
1502406,PJ,PS-I,Power System-I,3,UG,R-15,IV SEM,1,0,3,1,0,30,70,3
1514407,PJ,EDC Lab,Electronic Devices and Circuits Lab,3,UG,R-15,IV SEM,0,1,0,0,3,50,50,2
1502408,PJ,EM-I,Electronic Machines-I Lab,3,UG,R-15,IV SEM,0,1,0,0,3,50,50,2
1525501,HS,MEFA,Managerial Economics and Financial Analysis,6,UG,R-15,V SEM,1,0,3,1,0,30,70,3
1502502,PJ,CS,Control Systems,3,UG,R-15,V SEM,1,0,3,1,0,30,70,3
1502503,PJ,PE,Power Electronics,3,UG,R-15,V SEM,1,0,3,1,0,30,70,3
1502505,PJ,EM-III,Electrical Machines-III,3,UG,R-15,V SEM,1,0,3,1,0,30,70,3
1514506,PJ,DSP,Digital Signal Processing,3,UG,R-15,V SEM,1,0,3,1,0,30,70,3
1514507,PJ,S&S,Signals & Systems ,3,UG,R-15,V SEM,1,0,3,1,0,30,70,3
1514508,PJ,ES,Embedded Systems,3,UG,R-15,V SEM,1,0,3,1,0,30,70,3
1502509,PJ,EM Lab,Electrical Measurements Lab,3,UG,R-15,V SEM,0,1,0,0,3,50,50,2
1502510,PJ,EM-II Lab,Electrical Machines-II Lab,3,UG,R-15,V SEM,0,1,0,0,3,50,50,2
1514601,PJ,LDICA,Linear & Digital Integrated Circuit Analysis,4,UG,R-15,VI SEM,1,0,3,1,0,30,70,3
1514602,PJ,MPMC,Micro Processors & Microcontrollers,4,UG,R-15,VI SEM,1,0,3,1,0,30,70,3
1502603,PJ,PSD,Power Semiconductor Drives,3,UG,R-15,VI SEM,1,0,3,1,0,30,70,3
1502604,PJ,PS-III,Power System-III,3,UG,R-15,VI SEM,1,0,3,1,0,30,70,3
1502605,PJ,PSOC,Power System Operation & Control,3,UG,R-15,VI SEM,1,0,3,1,0,30,70,3
1514606,PN,Instrumentation,Instrumentation ,3,UG,R-15,VI SEM,1,0,3,1,0,30,70,3
1502607,PN,SCT,Soft Computing Techniques ,3,UG,R-15,VI SEM,1,0,3,1,0,30,70,3
1513608,PN,OT,Optimization Techniques,3,UG,R-15,VI SEM,1,0,3,1,0,30,70,3
1524609,HS,AEC Lab,Advanced English Communication Lab(Audit Course),6,UG,R-15,VI SEM,0,1,0,0,3,50,50,0
1502610,PJ,PE&S Lab,Power Electronics & Simulation Lab,3,UG,R-15,VI SEM,0,1,0,0,3,50,50,2
1502611,PJ,CS&S Lab,Control Systems & Simulation Lab,3,UG,R-15,VI SEM,0,1,0,0,3,50,50,2
1525701,HS,MS,Management Science,6,UG,R-15,VII SEM,1,0,3,1,0,30,70,3
1502702,PJ,ACS,Advanced Control System,3,UG,R-15,VII SEM,1,0,3,1,0,30,70,3
1502703,PJ,HVDC Transmission,HVDC Transmission,3,UG,R-15,VII SEM,1,0,3,1,0,30,70,3
1502704,PJ,SG&P,Switch Gear & Protection,3,UG,R-15,VII SEM,1,0,3,1,0,30,70,3
1502705,PJ,EDS,Electrical Distribution Systems,3,UG,R-15,VII SEM,1,0,3,1,0,30,70,3
1502706,PJ,HVE,High Voltage Engineering ,3,UG,R-15,VII SEM,1,0,3,1,0,30,70,3
1502707,PJ,PQ,Principles of Power Quality,3,UG,R-15,VII SEM,1,0,3,1,0,30,70,3
1502708,PJ,PS,Reliability Engineering & Applications to Power Systems,3,UG,R-15,VII SEM,1,0,3,1,0,30,70,3
1514709,PJ,MPMC Lab,Micro Processors & Microcontrollers Lab,3,UG,R-15,VII SEM,0,1,0,0,3,50,50,2
1502710,PJ,PSS Lab,Power  Systems Simulation Lab,3,UG,R-15,VII SEM,0,1,0,0,3,50,50,2
1502801,PJ,UEP,Utilization of Electrical Power ,3,UG,R-15,VIII SEM,1,0,3,1,0,30,70,3
1502802,PJ,FACTS,FACTS,3,UG,R-15,VIII SEM,1,0,3,1,0,30,70,3
1502803,PJ,EA&DS,Energy Auditing and Demand Side Management,3,UG,R-15,VIII SEM,1,0,3,1,0,30,70,3
1502804,PJ,SEM,Special Electrical Machines ,3,UG,R-15,VIII SEM,1,0,3,1,0,30,70,3
1502805,PJ,SMPC,Switch Mode Power Converters ,3,UG,R-15,VIII SEM,1,0,3,1,0,30,70,3
1502806,PJ,EMD,Electrical Machine Design,3,UG,R-15,VIII SEM,1,0,3,1,0,30,70,3
1502808,PJ,Seminar,Seminar,3,UG,R-15,VIII SEM,0,0,0,0,0,50,50,2
1502809,PJ,Comprehensive Viva,Comprehensive Viva,3,UG,R-15,VIII SEM,0,0,0,0,0,50,50,2
1502809,PJ,Project Work,Project Work,3,UG,R-15,VIII SEM,0,0,0,0,0,100,0,10
1821101,BSC,M1,Mathematics-1,6,UG,R-18,I SEM,1,0,3,1,0,30,70,4
1823102,BSC,Chem,Engineering Chemistry,6,UG,R-18,I SEM,1,0,3,1,0,30,70,4
1824103,HSMC,Eng,English,6,UG,R-18,I SEM,1,0,2,0,0,30,70,2
1805104,ESC,P&PS,Programming for Problem Solving,5,UG,R-18,I SEM,1,0,3,0,0,30,70,3
1823107,BSC,Chem lab,Chemistry Lab,6,UG,R-18,I SEM,0,1,0,0,3,50,50,1.5
1805108,ESC,P&PS Lab,Programming for Problem Solving Lab,5,UG,R-18,I SEM,0,1,0,0,4,50,50,2
1824109,HSMC,Eng Lab,English Lab,6,UG,R-18,I SEM,0,1,0,0,2,50,50,1
1821201,BSC,M2,Mathematics-II,6,UG,R-18,II SEM,0,1,3,1,0,30,70,4
1822202,BSC,Phy,Engineering Physics,6,UG,R-18,II SEM,0,1,3,1,0,30,70,4
1802205,ESC,BEE,Basic Electrical Engineering,2,UG,R-18,II SEM,0,1,3,1,0,30,70,4
1803207,ESC,EG&D,Engineering Graphics & Design,3,UG,R-18,II SEM,0,1,1,0,4,50,50,3
1822208,BSC,Phy Lab,Engineering Physics Lab,6,UG,R-18,II SEM,1,0,0,0,3,50,50,1.5
1802209,ESC,BEE Lab,Basic Electrical Engineering Lab,6,UG,R-18,II SEM,1,0,0,0,2,50,50,1
1803211,ESC,W&MP,Workshop and Manufacturing Pratices,2,UG,R-18,II SEM,1,0,1,0,4,50,50,3
1823301,BSC,Biology,Biology for Engineers,6,UG,R-18,III SEM,1,0,2,0,0,30,70,2
1821302,BSC,NMP&S,"Numerical Methods,Probability and Statistics",6,UG,R-18,III SEM,1,0,3,0,0,30,70,3
1803303,PCC,BME,Basic Mechanical Engineering,3,UG,R-18,III SEM,1,0,2,1,0,30,70,3
1801304,PCC,EM,Engineering Mechanics,1,UG,R-18,III SEM,1,0,3,1,0,30,70,4
1801305,PCC,S&G,Surveying and Geomatics,1,UG,R-18,III SEM,1,0,2,1,0,30,70,3
1801306,PCC,BM&C,Building Materials and Construction,1,UG,R-18,III SEM,1,0,2,1,0,30,70,3
1801403,PCC,EG,Engineering Geology,1,UG,R-18,IV SEM,1,0,2,0,0,30,70,2
1801404,PCC,FM,Fluid Mechanics,1,UG,R-18,IV SEM,1,0,3,1,0,30,70,4
1824402,HSMC,ETC,Effective Technical Communication,6,UG,R-18,IV SEM,1,0,2,1,0,30,70,3
1801405,PCC,SM-1,Solid Mechanics-1,1,UG,R-18,IV SEM,1,0,3,1,0,30,70,4
1801406,PCC,DP&PM,Disaster Preparedness & Planning Management,1,UG,R-18,IV SEM,1,0,2,0,0,30,70,2
1801501,PCC,SM-2,Solid Mechanics-2,1,UG,R-18,V SEM,1,0,2,1,0,30,70,3
1801502,PCC,HM,Hydraulic Machinery,1,UG,R-18,V SEM,1,0,2,0,0,30,70,2
1801503,PCC,SA-1,Structural Analysis-1,1,UG,R-18,V SEM,1,0,2,1,0,30,70,3
1801504,PCC,GE,Geotechincal Engineering,1,UG,R-18,V SEM,1,0,2,1,0,30,70,3
1801505,PCC,EE,Environmental Engineering,6,UG,R-18,V SEM,1,0,2,0,0,30,70,2
1801506,PCC,TE,Transportation Engineering,1,UG,R-18,V SEM,1,0,2,0,0,30,70,2
1801507,PEC1,ASAMM,Advanced Structural Analysis by Matrix Methods,1,UG,R-18,V SEM,1,0,2,0,0,30,70,2
1801508,PEC1,PC,Pre-Stressed Concrete,1,UG,R-18,V SEM,1,0,2,0,0,30,70,2
1801509,PEC1,GIT,Ground Improvement Techniques,1,UG,R-18,V SEM,1,0,2,0,0,30,70,2
1801510,PEC1,RS&G,Remote Sensing and GIS,1,UG,R-18,V SEM,1,0,2,0,0,30,70,2
1801513,PEC1,SH,Surface Hydrology,1,UG,R-18,V SEM,1,0,2,0,0,30,70,2
1801514,PCC,GE Lab,Geotechincal Engineering Lab,1,UG,R-18,V SEM,0,1,0,0,2,50,50,1
1801515,PCC,TE Lab,Transportation Engineering Lab,1,UG,R-18,V SEM,0,1,0,0,2,50,50,1
1801516,PCC,EE Lab,Environmental Engineering Lab,1,UG,R-18,V SEM,0,1,0,0,2,50,50,1
1804302,PCC,BEE,Basic of Electronics Engineering,4,UG,R-18,III SEM,1,0,3,0,0,30,70,3
1825307,HSS,MEFA,Managerial Economics and Financial Analysis,6,UG,R-18,III SEM,1,0,3,0,0,30,70,3
1805303,PJ,DS,Data Structures,5,UG,R-18,III SEM,1,0,3,0,0,30,70,3
1805304,PJ,DM,Discrete Mathematics,5,UG,R-18,III SEM,1,0,3,0,0,30,70,3
1805305,PJ,DLD,Digital Logic Design ,5,UG,R-18,III SEM,1,0,3,0,0,30,70,3
1805306,PJ,PP,Python Programming,5,UG,R-18,III SEM,1,0,3,0,0,30,70,3
1805403,PJ,CO,Computer Organization,5,UG,R-18,IV SEM,1,0,3,0,0,30,70,3
1805404,PJ,OS,Operating Systems,5,UG,R-18,IV SEM,1,0,3,0,0,30,70,3
1805405,PJ,DAA,Design and Analysis of Algorithms,5,UG,R-18,IV SEM,1,0,3,0,0,30,70,3
1805406,PJ,JP,Java Programming,5,UG,R-18,IV SEM,1,0,3,0,0,30,70,3
1805407,PJ,FLAT,Formal Languages and Automata Theory,5,UG,R-18,IV SEM,1,0,3,0,0,30,70,3
1805501,PJ,WT,Web Technologies,5,UG,R-18,V SEM,1,0,2,0,0,30,70,2
1805502,PJ,DBMS,Data Base Management Systems,5,UG,R-18,V SEM,1,0,3,0,0,30,70,3
1805503,PJ,CN,Computer Networks,5,UG,R-18,V SEM,1,0,3,0,0,30,70,3
1805504,PJ,SE,Software Engineering,5,UG,R-18,V SEM,1,0,3,0,0,30,70,3
1805505,PJ,HCI,Human Computer Interaction,5,UG,R-18,V SEM,1,0,3,0,0,30,70,3
1805506,PJ,MS,Multimedia Systems,5,UG,R-18,V SEM,1,0,3,0,0,30,70,3
1805507,PJ,DS,Distributed Systems,5,UG,R-18,V SEM,1,0,3,0,0,30,70,3
1805508,PJ,CD,Complier Design,5,UG,R-18,V SEM,1,0,3,0,0,30,70,3
1825509,PJ,CI,Constitution of India,6,UG,R-18,V SEM,1,0,2,0,0,0,0,0
1805510,PJ,DB Lab,DataBase Lab,5,UG,R-18,V SEM,0,1,0,0,2,50,50,1
1805511,UG,WT Lab,Web  Technologies Lab,5,UG,R-18,V SEM,0,1,0,0,2,50,50,1
1824512,HSMC,AECS Lab,Advanced English Communication Skills Lab,6,UG,R-18,V SEM,0,1,0,0,2,50,50,1
1805513,PJ,SRP,Social Relevant Project,6,UG,R-18,V SEM,0,0,0,0,4,100,0,2
1814302,PCC,EDC,Electronic Devices & Circuits,2,UG,R-18,III SEM,1,0,3,0,0,30,70,3
1802303,PCC,ECA,Electrical Circuit Analysis,2,UG,R-18,III SEM,1,0,3,1,0,30,70,4
1802304,PCC,EF,Electromagnetic Fields,2,UG,R-18,III SEM,1,0,3,0,0,30,70,3
1802305,PCC,EM-I,Electrical Machines-I,2,UG,R-18,III SEM,1,0,3,1,0,30,70,4
1802306,PCC,PS-I,Power System-I,2,UG,R-18,III SEM,1,0,3,0,0,30,70,3
1821401,BSC,M-III,Mathematics-III,2,UG,R-18,IV SEM,1,0,3,0,0,30,70,3
1814402,PCC,DSD,Digital  System Design,2,UG,R-18,IV SEM,1,0,3,0,0,30,70,3
1802403,PCC,EM,Electrical Measurements,2,UG,R-18,IV SEM,1,0,3,0,0,30,70,3
1802405,PCC,EM-II,Electrical Machines-II,2,UG,R-18,IV SEM,1,0,3,0,0,30,70,3
1802406,PCC,PS-II,Power System-II,2,UG,R-18,IV SEM,1,0,3,0,0,30,70,3
1802408,PCC,EM Lab,Electrical Machines-I Lab,2,UG,R-18,IV SEM,0,1,0,0,2,50,50,1
1802407,PCC,EM Lab,Electrical Measurements Lab,2,UG,R-18,IV SEM,0,1,0,0,2,50,50,1
1805409,ESC,PP Lab,Python Programming Lab,5,UG,R-18,IV SEM,0,1,0,0,4,50,50,2
18994M1,HSMC,ES,Environmental Science,6,UG,R-18,IV SEM,1,0,2,0,0,30,70,0
1814501,PCC,MP,Microprocessor,4,UG,R-18,V SEM,1,0,3,0,0,30,70,3
1814502,PCC,LICA,Linear Digital IC Applications,4,UG,R-18,V SEM,1,0,3,0,0,30,70,3
1802503,PCC,PE,Power Electronics,2,UG,R-18,V SEM,1,0,3,0,0,30,70,3
1802504,PCC,PSO&C,Power System Operation & Control,2,UG,R-18,V SEM,1,0,3,1,0,30,70,4
1802505,PEC,EA&DSM,Energy Auditing & Demand Side Management,2,UG,R-18,V SEM,1,0,3,0,0,30,70,3
1802506,PEC,EMD,Electrical Machine Design ,2,UG,R-18,V SEM,1,0,3,0,0,30,70,3
1802507,PEC,ACS, Advanced Control Systems ,2,UG,R-18,V SEM,1,0,3,0,0,30,70,3
1802508,PEC,INST, Instrumentation                             ,2,UG,R-18,V SEM,1,0,3,0,0,30,70,3
1802509,PEC,ECS, Energy Conversion Systems,2,UG,R-18,V SEM,1,0,3,0,0,30,70,3
1802510,PCC,EM-II Lab,Electrical Machines -II Lab,2,UG,R-18,V SEM,0,1,0,0,3,50,50,1.5
1802511,PCC,CS&S Lab,Control Systems & Simulation Lab,2,UG,R-18,V SEM,0,1,0,0,3,50,50,1.5
1802513,PJ,MP,Mini Project,2,UG,R-18,V SEM,0,1,0,0,0,100,0,2
1801303,PC,EM,Engineering Mechanics,3,UG,R-18,III SEM,1,0,3,0,0,30,70,3
1803304,PC,MP,Manufacturing Process,3,UG,R-18,III SEM,1,0,3,0,0,30,70,3
1803305,PC,SM,Strength of Materials,3,UG,R-18,III SEM,1,0,3,0,0,30,70,3
1803306,PC,MS&E,Material Science & Engineering,3,UG,R-18,III SEM,1,0,3,0,0,30,70,3
1803307,PC,TD,Thermodynamics,3,UG,R-18,III SEM,1,0,3,0,0,30,70,3
1803401,PC,ATD,Applied Thermodynamics,3,UG,R-18,IV SEM,1,0,3,0,0,30,70,3
1803402,PC,FM,Fluid Mechanics,3,UG,R-18,IV SEM,1,0,3,0,0,30,70,3
1803403,PC,KM,Kinematics of Machinery,3,UG,R-18,IV SEM,1,0,3,0,0,30,70,3
1814404,PC,BEE,Basics of Electronic Engineering ,4,UG,R-18,IV SEM,1,0,3,1,0,30,70,3
1883405,PC,I&CS,Instrumention And Control Systems,3,UG,R-18,IV SEM,1,0,3,0,0,30,70,3
1803406,PC,CAMD,Computer Aided Machine Drawing,3,UG,R-18,IV SEM,0,1,1,2,0,50,50,2
1803407,PC,BE & FM Lab,Basic Electronics And Fluid Mechanics Lab,3,UG,R-18,IV SEM,0,1,0,0,3,50,50,2
1803408,PJ,Seminar,Seminar,3,UG,R-18,IV SEM,0,1,0,0,1,100,0,1
1824409,HSS,AECS Lab,Advanced English Communication Skills Lab,6,UG,R-18,IV SEM,0,1,0,0,3,50,50,2
1803501,PCC,HT,Heat Treansfer,3,UG,R-18,V SEM,1,0,3,1,0,30,70,3
1803502,PC,DME-1,Design of Machine Elements-1,3,UG,R-18,V SEM,1,0,3,1,0,30,70,3
1803503,PC,Metrology,Metrology,3,UG,R-18,V SEM,1,0,3,0,0,30,70,3
1803504,PCC,DM,Dynamics of Machinery,3,UG,R-18,V SEM,1,0,3,1,0,30,70,3
1825505,HSMC,ME,Managerial Economics ,3,UG,R-18,V SEM,1,0,3,1,0,30,70,3
1803506,PE,AE,Automobile Engineering,3,UG,R-18,V SEM,1,0,3,1,0,30,70,3
1803506,PE,MMPE,Manufacturing Methods in Precision Engineering,3,UG,R-18,V SEM,1,0,3,0,0,30,70,3
1803506,PE,MBM,Mechanical Behavior of Metals ,3,UG,R-18,V SEM,1,0,3,1,0,30,70,3
1803506,PE,RET,Renewable Energy Technologies,3,UG,R-18,V SEM,1,0,3,1,0,30,70,3
1803506,PE,SCM,Supply Chain Management ,3,UG,R-18,V SEM,1,0,3,0,0,30,70,3
1803507,PCC,TE Lab,Thermal Engineering Lab,3,UG,R-18,V SEM,0,1,3,0,0,50,50,1.5
1803508,PCC,CAD Lab,CAD Lab,3,UG,R-18,V SEM,0,1,3,0,0,50,50,1.5
1825505,HSMC,ME&FA,Managerial Economics and Financial Analysis,6,UG,R-18,V SEM,1,0,3,1,0,30,70,3
2021101,BSC,LA&C,Linear Algebra and Calculus,6,UG,R-20,I SEM,1,0,3,0,0,30,70,3
20EP102,BSC,EPHY,Engineering Physics,6,UG,R-20,I SEM,1,0,3,0,0,30,70,3
2024103,HSMC,CENG,Communicative English,6,UG,R-20,I SEM,1,0,3,0,0,30,70,3
2014104,ESC,BEEE,Basic Electrical & Electronics Engineering,2,UG,R-20,I SEM,1,0,3,0,0,30,70,3
2003105,ESC,ED,Engineering Drawing,3,UG,R-20,I SEM,1,0,1,0,2,30,70,2
2003106,ESC,ED LAB,Engineering Drawing Lab,3,UG,R-20,I SEM,0,1,0,0,2,40,60,1
20EP107,BSC,EPHY LAB,Engineering Physics Lab,6,UG,R-20,I SEM,0,1,0,0,3,40,60,1.5
2024108,HSMC,CENG LAB,Communicative English Lab,6,UG,R-20,I SEM,0,1,0,0,3,40,60,1.5
2014109,ESC,BEEE LAB,Basic Electrical & Electronics Engineering Lab,2,UG,R-20,I SEM,0,1,0,0,3,40,60,1.5
2021201,BSC,DE&VC,Differential Equations and Vector Calculus,6,UG,R-20,II SEM,1,0,3,0,0,30,70,3
20EC202,BSC,ECHE,Engineering Chemistry,6,UG,R-20,II SEM,1,0,3,0,0,30,70,3
2005203,ESC,CP&DS,C-Programming & Data Structures,5,UG,R-20,II SEM,1,0,3,0,0,30,70,3
2001204,ESC,SM,Strength of Materials,1,UG,R-20,II SEM,1,0,3,0,0,30,70,3
20EW205,LC,EW,Engineering Workshop,3,UG,R-20,II SEM,0,1,0,0,3,40,60,1.5
2005206,LC,ITW ,IT Workshop,5,UG,R-20,II SEM,0,1,0,0,3,40,60,1.5
20EC207,BSC,ECHE LAB,Engineering Chemistry Lab,6,UG,R-20,II SEM,0,1,0,0,3,40,60,1.5
2005208,ESC,CP&DS LAB,C-Programming & Data Structures Lab,5,UG,R-20,II SEM,0,1,0,0,3,40,60,1.5
2001209,ESC,SM LAB,Strength of Materials Lab,1,UG,R-20,II SEM,0,1,0,0,3,40,60,1.5
20MC210,MC,ENVS,Environmental Science,6,UG,R-20,II SEM,0,1,3,0,0,30,0,0
2023102,BS,CHE,Chemistry,6,UG,R-20,I SEM,1,0,3,0,0,30,70,3
2005103,ES,CP&DS,C-Programming & Data Structures,5,UG,R-20,I SEM,1,0,3,0,0,30,70,3
20EW105,ES,EW,Engineering Workshop,3,UG,R-20,I SEM,0,1,0,0,3,40,60,1.5
2005106,ES,ITW ,IT Workshop,5,UG,R-20,I SEM,0,1,0,0,3,40,60,1.5
2023107,BS,CHE LAB,Chemistry Lab,6,UG,R-20,I SEM,0,1,0,0,3,40,60,1.5
2005108,ES,CP&DS LAB,C-Programming & Data Structures Lab,5,UG,R-20,I SEM,0,1,0,0,3,40,60,1.5
20AP202,BS,APh,Applied Physics,6,UG,R-20,II SEM,1,0,3,0,0,30,70,3
2024203,HS,CENG,Communicative English,6,UG,R-20,II SEM,1,0,3,0,0,30,70,3
2005204,ES,PY,Python Programming,5,UG,R-20,II SEM,1,0,3,0,0,30,70,3
2003205,ES,ED,Engineering Drawing,3,UG,R-20,II SEM,1,0,1,0,2,30,70,3
2003206,ES,ED LAB,Engineering Drawing Lab,3,UG,R-20,II SEM,0,1,0,0,2,40,60,1
20AP207,BS,APh LAB,Applied Physics Lab,6,UG,R-20,II SEM,0,1,0,0,3,40,60,1.5
2024208,HS,CENG LAB,Communicative English Lab,6,UG,R-20,II SEM,0,1,0,0,3,40,60,1.5
2005209,ES,PY LAB,Python Programming Lab,5,UG,R-20,II SEM,0,1,0,0,3,40,60,1.5
20MC211,MC,UHV,Universal Human Values,6,UG,R-20,II SEM,0,1,3,0,0,30,0,0
20AP102,BSC,APh ,Applied Physics,6,UG,R-20,I SEM,1,0,3,0,0,30,70,3
2002104,ESC,FEE,Fundamentals of Electrical Engineering,2,UG,R-20,I SEM,1,0,3,0,0,30,70,3
20AP107,BSC,APh LAB,Applied Physics Lab,6,UG,R-20,I SEM,0,1,0,0,3,40,60,1.5
2002109,ESC,FEE LAB,Fundamentals of Electrical Engineering Lab,2,UG,R-20,I SEM,0,1,0,0,3,40,60,1.5
2023202,BSC,CHE,Chemistry,6,UG,R-20,II SEM,1,0,3,0,0,30,70,3
2004204,ESC,EDC,Electronic Devices & Circuits,4,UG,R-20,II SEM,1,0,3,0,0,30,70,3
2023207,BSC,CHE LAB,Chemistry Lab,6,UG,R-20,II SEM,0,1,0,0,3,40,60,1.5
2004209,ESC,EDC LAB,Electronic Devices & Circuits Lab,4,UG,R-20,II SEM,0,1,0,0,3,40,60,1.5
20MC210,MC,ES,Environmental Science,6,UG,R-20,II SEM,1,0,3,0,0,30,0,0
2002203,ESC,ECA-I,Electrical Circuits Analysis-I,4,UG,R-20,II SEM,1,0,3,0,0,30,70,3
2002208,ESC,ECA LAB,Electrical Circuits Analysis-I Lab,4,UG,R-20,II SEM,0,1,0,0,3,40,60,1.5
20EC102,BSC,ECHE,Engineering Chemistry,6,UG,R-20,I SEM,1,0,3,0,0,30,70,3
20EC107,BSC,ECHE LAB,Engineering Chemistry Lab,6,UG,R-20,I SEM,0,1,0,0,3,40,60,1.5
20EP202,BSC,EPHY,EngineeringPhysics,6,UG,R-20,II SEM,1,0,3,0,0,30,70,3
2003204,ESC,MS,Material Science,3,UG,R-20,II SEM,1,0,3,0,0,30,70,3
20EP207,BSC,EPHY LAB,EngineeringPhysics Lab,6,UG,R-20,II SEM,0,1,0,0,3,40,60,1.5
2003209,ESC,MS LAB,Material Science Lab,3,UG,R-20,II SEM,0,1,0,0,3,40,60,1.5
1521101,BS,M1,Mathematics-1,6,UG,R-15,I SEM ,1,0,3,1,0,30,70,3
1521102,BS,M2,Mathematics-2,6,UG,R-15,I SEM ,1,0,3,1,0,30,70,3
1521103,ED,EG,Engineering Graphics,5,UG,R-15,I SEM ,0,1,0,0,3,50,50,2
1521104,HS,ENG1,English-1,6,UG,R-15,I SEM ,1,0,3,1,0,30,70,3
1521105,ED,C,Programming in C,5,UG,R-15,I SEM ,1,0,3,1,0,30,70,3
1521106,HS,ES,Environmental Studies,6,UG,R-15,I SEM ,1,0,3,1,0,30,70,3
1521107,ED,C Lab,Programming in C Lab,5,UG,R-15,I SEM ,0,1,0,0,3,50,50,2
1521108,ED,EW ,Engineering Workshop,5,UG,R-15,I SEM ,0,1,0,0,3,50,50,2
1522201,BS,PHY,Engineering Physics,6,UG,R-15,II SEM,1,0,3,1,0,30,70,3
1522202,BS,M3,Mathematics-3,6,UG,R-15,II SEM,1,0,3,1,0,30,70,3
1522203,BS,CHE,Engineering Chemistry,6,UG,R-15,II SEM,1,0,3,1,0,30,70,3
1522204,HS,ENG2,English-2,6,UG,R-15,II SEM,1,0,3,1,0,30,70,3
1522205,PJ,EC,Engineering Circuits,4,UG,R-15,II SEM,1,0,3,1,0,30,70,3
1522206,HS,HVPE,Human Values and Professional Ethics,6,UG,R-15,II SEM,1,0,3,1,0,30,70,3
1522207,HS,ELCS,English Language and communication Skills Lab,6,UG,R-15,II SEM,0,1,0,0,3,50,50,2
1522208,BS,PHY&CHE LAB,Physics and Chemistry Lab,6,UG,R-15,II SEM,0,1,0,0,3,50,50,2
1521301,BS,M-4,Mathematics-4,6,UG,R-15,III SEM,1,0,3,1,0,30,70,3
1521302,PN,EMF,Electromagnetic fields,4,UG,R-15,III SEM,1,0,3,1,0,30,70,3
1521303,PJ,EDC,Electronic Devices and Circuits,4,UG,R-15,III SEM,1,0,3,1,0,30,70,3
1521304,PJ,SS,Signals and Systems,4,UG,R-15,III SEM,1,0,3,1,0,30,70,3
1521305,PN,NT,Network Theory,4,UG,R-15,III SEM,1,0,3,1,0,30,70,3
1521306,PJ,EM,Electronical Machines,4,UG,R-15,III SEM,1,0,3,1,0,30,70,3
1521307,PN,EE Lab,Electrical  Engineering Lab,4,UG,R-15,III SEM,0,1,0,0,3,50,50,2
1521308,PJ,EDC Lab,Electronic Devices and Circuits Lab,4,UG,R-15,III SEM,0,1,0,0,3,50,50,2
1504401,PJ,AC,Analog Communications,4,UG,R-15,IV SEM,1,0,3,1,0,30,70,3
1504402,PJ,STLD,Switching Circuit  and Logic Design,4,UG,R-15,IV SEM,1,0,3,1,0,30,70,3
1504403,PJ,ECA,Electronic Circuit Analysis,4,UG,R-15,IV SEM,1,0,3,1,0,30,70,3
1504404,PJ,PDC,Pulse and Digital Circuits,4,UG,R-15,IV SEM,1,0,3,1,0,30,70,3
1504405,PJ,EWTL,Electromagnetic waves and Tranmission Lines ,4,UG,R-15,IV SEM,1,0,3,1,0,30,70,3
1504406,PJ,PTSP,Probability Theory and Stochastic Processes,4,UG,R-15,IV SEM,1,0,3,1,0,30,70,3
1504407,PJ,ECA Lab,Electronic Circuit Analysis Lab,4,UG,R-15,IV SEM,0,1,0,0,3,50,50,2
1504408,PJ,PDC Lab,Pulse and Digital Circuits Lab,4,UG,R-15,IV SEM,0,1,0,0,3,50,50,2
1504501,PJ,MI,Microprocessors & Interfacing,4,UG,R-15,V SEM,1,0,3,1,0,30,70,3
1504502,PJ,LICA,Linear IC Applications,4,UG,R-15,V SEM,1,0,3,1,0,30,70,3
1504503,PJ,DC,Digital Communication,4,UG,R-15,V SEM,1,0,3,1,0,30,70,3
1504504,PJ,AWP,Antenna and Wave Propagation ,4,UG,R-15,V SEM,1,0,3,1,0,30,70,3
1504505,PN,CO,Computer  Organisation ,5,UG,R-15,V SEM,1,0,3,1,0,30,70,3
1504506,PJ,DICA,Digital IC Application,4,UG,R-15,V SEM,1,0,3,1,0,30,70,3
1504507,PJ,ICA Lab,IC Applicaation Lab,4,UG,R-15,V SEM,0,1,0,0,3,50,50,2
1504508,PJ,CE Lab,Communication Engineering Lab,6,UG,R-15,V SEM,0,1,0,0,3,50,50,2
1504601,PJ,DSP,Digital Signal Processing,4,UG,R-15,VI SEM,1,0,3,1,0,30,70,3
1504602,HS,MEFA,Managerial Economics & Financial Analysis,4,UG,R-15,VI SEM,1,0,3,1,0,30,70,3
1504603,PJ,ME,Microwave Engineering,4,UG,R-15,VI SEM,1,0,3,1,0,30,70,3
1504604,PN,CS,Control Systems,4,UG,R-15,VI SEM,1,0,3,1,0,30,70,3
1504605,PJ,MA,Microcontrollers and Applications,4,UG,R-15,VI SEM,1,0,3,1,0,30,70,3
1515606,PN,DS,Data structures,4,UG,R-15,VI SEM,1,0,3,1,0,30,70,3
1515607,PN,CN,Computer Networks,4,UG,R-15,VI SEM,1,0,3,1,0,30,70,3
1515608,PN,DBMS,Database Management Systems,4,UG,R-15,VI SEM,1,0,3,1,0,30,70,3
1515609,PJ,MPMC Lab,Microprocessor & Microcontrollers Lab,4,UG,R-15,VI SEM,0,1,0,0,3,50,50,2
1515610,PJ,DSP Lab,Digital Signal Processing Lab,4,UG,R-15,VI SEM,0,1,0,0,3,50,50,2
1525701,HS,MS,Management Science,4,UG,R-15,VII SEM,1,0,3,1,0,30,70,3
1504702,PJ,VLSI ,VLSI Design,4,UG,R-15,VII SEM,1,0,3,1,0,30,70,3
1504703,PJ,EMI,Electronic Measurements and Instrumentation,4,UG,R-15,VII SEM,1,0,3,1,0,30,70,3
1504704,PJ,OC,Optical Communications,4,UG,R-15,VII SEM,1,0,3,1,0,30,70,3
1504706,PJ,ERTOS,Embedded Real Time Operating Systems,4,UG,R-15,VII SEM,1,0,3,1,0,30,70,3
1504707,PJ,NNFL,Neural networks and Fuzzy Logic,4,UG,R-15,VII SEM,1,0,3,1,0,30,70,3
1504708,PJ,DC,Data Communications,4,UG,R-15,VII SEM,1,0,3,1,0,30,70,3
1504709,PJ,MOC Lab,Microwave & Optical Communications Lab,4,UG,R-15,VII SEM,0,1,0,0,3,50,50,2
1504710,PJ,VLSI Lab,VLSI Lab,4,UG,R-15,VII SEM,0,1,0,0,3,50,50,2
1504801,PJ,CMC,Cellular &Mobile Communications,4,UG,R-15,VIII SEM,1,0,3,1,0,30,70,3
1504803,PJ,RS,RADAR Systems,4,UG,R-15,VIII SEM,1,0,3,1,0,30,70,3
1504804,PJ,SP,Speech Processing,4,UG,R-15,VIII SEM,1,0,3,1,0,30,70,3
1504805,PJ,OOPS Through Java,OOPS through Java Programming ,4,UG,R-15,VIII SEM,1,0,3,1,0,30,70,3
1504802,PJ,SP,Satellite Communication,4,UG,R-15,VIII SEM,1,0,3,1,0,30,70,3
1504806,PJ,DAS,Data Acquisition Systems,4,UG,R-15,VIII SEM,0,1,0,0,3,50,50,2
1404807,PJ,SSC,Spread Spectrum Communications,4,UG,R-15,VIII SEM,0,1,0,0,3,50,50,2
1504808,PJ,BI,Biomedical Instrumentation,4,UG,R-15,VIII SEM,0,1,0,0,3,50,50,2
1504809,PJ,Seminar,Seminar,4,UG,R-15,VIII SEM,0,1,0,0,3,50,50,2
1504810,PJ,project,Project,4,UG,R-15,VIII SEM,0,1,0,0,3,50,50,2
